code,name,latitude,longitude,use,closed
SCAB,El Alba,-33.658901,-71.289200,PVT,0
SCAC,Pupelde,-41.903900,-73.797501,PUB,0
SCAD,Grupo Tamarena,-33.716497,-70.976208,PVT,0
SCAE,El Buitre,-18.510000,-70.289167,MIL,0
SCAH,Tolquién,-42.449444,-73.524722,PUB,0
SCAI,Curacautín,-38.431389,-71.923056,PVT,0
SCAK,Atacalco,-36.919444,-71.577500,PVT,0
SCAN,San Rafael,-32.814201,-70.646698,PUB,0
SCAP,Alto Palena,-43.611667,-71.805278,PUB,0
SCAQ,Arquilhué,-40.198299,-72.029198,PVT,0
SCAR,Chacalluta,-18.348611,-70.338611,PUB,0
SCAS,Cabo 1° Juan Román,-45.399167,-72.670000,PUB,0
SCAT,Desierto de Atacama,-27.261700,-70.779198,PUB,0
SCAV,Achibueno,-36.141944,-71.373889,PVT,0
SCAY,Ayacara,-42.307500,-72.787778,PUB,0
SCAZ,Azopardo,-54.479722,-68.936667,PVT,0
SCBA,Balmaceda,-45.914167,-71.690000,PUB,0
SCBB,Del Bio Bio,-37.587222,-72.503611,PVT,0
SCBD,El Boldal,-34.681000,-71.287220,PVT,0
SCBE,Barriles,-22.140833,-70.062500,PUB,0
SCBI,Pampa Guanaco,-54.050000,-68.809444,PUB,0
SCBL,El Porvenir,-33.273056,-71.522222,PVT,0
SCBN,Cotreumo,-40.400556,-72.661389,PVT,0
SCBQ,El Bosque,-33.559444,-70.685833,MIL,0
SCBT,Rincón Bonito,-42.028900,-72.096100,PVT,0
SCBU,Bureo,-35.871667,-71.831944,PVT,0
SCBV,Bellavista,-35.189722,-71.296667,PVT,0
SCCA,El Boldo,-35.970556,-72.225000,PUB,0
SCCB,Pedro Villarroel C.,-31.221944,-71.070278,PUB,0
SCCC,Chile Chico,-46.583081,-71.685369,PUB,0
SCCF,El Loa,-22.500000,-68.903056,PUB,0
SCCG,La Pelícana,-31.063900,-70.954399,PVT,0
SCCH,General  Bernardo O'Higgins,-36.582802,-72.031700,PUB,0
SCCI,Pdte. Carlos Ibañez del Campo,-53.003611,-70.853611,PUB,0
SCCK,Contao,-41.800000,-72.721111,PUB,0
SCCL,Caldera,-27.078300,-70.795303,PUB,0
SCCM,Molco,-39.825001,-72.082497,PVT,0
SCCN,Alto Cauquenes,-35.880278,-72.327222,PVT,0
SCCP,Catapilco,-32.563611,-71.287778,PVT,0
SCCR,Enrique Meyer Soto S.,-47.786667,-73.532500,PUB,0
SCCS,Santa Rita,-33.277500,-71.456398,PVT,0
SCCT,Quivolgo,-35.308056,-72.391111,PVT,0
SCCU,Lolco,-38.158100,-71.423897,PVT,0
SCCV,Curacaví,-33.412498,-71.165604,PUB,0
SCCY,Teniente Vidal,-45.593611,-72.105278,PUB,0
SCDA,Diego Aracena,-20.535299,-70.181396,PUB,0
SCDD,Don Dobri,-41.234722,-72.515000,PVT,0
SCDG,Aliro García,-34.193889,-71.568056,PVT,0
SCDH,Vodudahue,-42.488899,-72.350601,PVT,0
SCDI,Pichidangui,-32.146111,-71.507778,PUB,0
SCDK,El Patagual,-37.025556,-72.982778,PVT,0
SCDL,El Algarrobo,-32.471944,-70.993056,PVT,0
SCDQ,San Lorenzo,-37.523300,-71.726097,PVT,0
SCDS,San Andrés,-36.005556,-71.766667,PVT,0
SCDW,Almirante Schroders,-53.601944,-70.477222,MIL,0
SCEB,Entrada Baker,-47.166944,-71.991944,PUB,0
SCED,Los Cedros,-35.155000,-71.585278,PVT,0
SCEG,El Corte,-33.710000,-70.913056,PVT,0
SCEI,Potrerillos,-26.380000,-69.474167,PVT,0
SCEL,Arturo Merino Benitez (INTL),-33.394167,-70.793611,PUB,0
SCEO,EL Salto,-36.130278,-71.857500,PVT,0
SCEP,El Principal,-33.725000,-70.510278,PVT,0
SCER,Quintero,-32.790278,-71.521667,MIL,0
SCES,Ricardo García Posada,-26.311389,-69.765278,PUB,0
SCEV,El Avellano,-41.051701,-73.351097,PVT,0
SCEX,Río Exploradores,-46.353600,-73.327797,PUB,0
SCEY,Entrada Mayer,-48.201389,-72.327778,PUB,0
SCFA,Andres Sabella,-23.444401,-70.445000,,0
SCFC,Fachinal,-46.548889,-72.220000,PUB,0
SCFF,Freirina,-28.526400,-71.061897,PVT,0
SCFJ,Fray Jorge,-30.664722,-71.582500,PVT,0
SCFK,Fundo el Carmen,-36.641389,-72.016667,PVT,0
SCFL,Fundo Loma Larga,-33.278889,-71.377500,PVT,0
SCFM,Capitán Fuentes Martinez,-53.253611,-70.319167,PUB,0
SCFR,Frutillar,-41.130798,-73.064697,PUB,0
SCFS,Los Calafates,-42.678902,-73.896698,PVT,0
SCFT,Futaleufú,-43.185799,-71.850601,PUB,0
SCGC,Unión Glaciar,-79.777778,-83.320833,PUB,0
SCGD,Cerro Guido/Gunther Pluschow,-50.970000,-72.419444,PUB,0
SCGE,María Dolores,-37.401901,-72.425598,PUB,0
SCGF,Golfo Azul,-40.140800,-72.283600,PVT,0
SCGH,Cholguahue,-37.469700,-72.138603,PVT,0
SCGI,San Guillermo,-36.000000,-71.828611,PVT,0
SCGL,Las Aguilas,-34.169167,-71.531111,MIL,0
SCGO,Los Confines,-37.793911,-72.687672,PUB,0
SCGS,Siberia,-37.176389,-72.064444,PVT,0
SCGV,Punta Gaviota,-29.084444,-71.467222,PVT,0
SCGY,Los Guayes,-39.053101,-71.993599,PVT,0
SCGZ,Guardiamarina Zañartu,-54.931111,-67.626111,PUB,0
SCHA,Chamonate,-27.296700,-70.413597,PUB,0
SCHC,Chicureo,-33.270139,-70.650555,PUB,0
SCHE,Rucamanqui,-37.199699,-71.896698,PVT,0
SCHF,Chufquén,-38.359722,-72.684722,PVT,0
SCHG,Almahue,-34.398611,-71.371111,PVT,0
SCHH,Punta Baja,-46.793019,-72.795761,,0
SCHI,Ranchillo,-36.418611,-72.033056,PVT,0
SCHK,La Hueicolla,-40.158600,-73.654404,PVT,0
SCHL,La Hacienda,-33.335667,-70.915194,PVT,0
SCHM,Punta El Saco,-38.410000,-73.900833,PVT,0
SCHP,Copihue,-36.077500,-71.779722,PVT,0
SCHR,Cochrane,-47.243599,-72.587778,PUB,0
SCHT,Tic Toc,-43.613098,-72.897499,PVT,0
SCHU,Gran Cañón,-28.098811,-71.145442,PVT,0
SCHW,Hualaihué,-42.026944,-72.690556,PUB,0
SCIA,Isla Apiao,-42.604722,-73.209444,PUB,0
SCIB,Butachauques,-42.308889,-73.141944,PUB,0
SCIC,General Freire,-34.966702,-71.216400,PUB,0
SCID,Marco Davison Bascur,-52.880000,-70.749167,PVT,0
SCIE,Carriel Sur (ALTN INTL),-36.771389,-73.062500,PUB,0
SCIF,Chollinco,-40.205799,-72.231400,PVT,0
SCIH,Caleta Andrade,-45.148889,-73.513333,PUB,0
SCII,Puerto Ingeniero Ibañez,-46.293889,-71.949700,PUB,0
SCIK,Isla Talcán,-42.743900,-72.966698,PVT,0
SCIL,Aucó,-31.569700,-71.109200,PVT,0
SCIM,Isla Mocha,-38.384889,-73.868567,PUB,0
SCIN,Mininco,-37.848069,-72.462914,PVT,0
SCIO,Laguna Redonda,-48.928611,-72.793333,PUB,0
SCIP,Mataveri,-27.164700,-109.421997,PUB,0
SCIQ,Santa Cecilia,-36.274333,-71.897333,PVT,0
SCIR,Robinson Crusoe,-33.665833,-78.929167,PUB,0
SCIS,Puerto Sur,-37.028599,-73.508102,PUB,0
SCJK,Juan Kemp,-40.884444,-72.368889,PVT,0
SCJO,Cañal Bajo - Carlos Hott Siebert,-40.611389,-73.060556,PUB,0
SCJS,José Abel Sepúlveda,-36.234167,-72.059444,PVT,0
SCKA,Santa Marta,-36.493056,-71.896944,PVT,0
SCKB,Llollenorte,-39.057499,-71.689697,PVT,0
SCKC,Roberto Chavez,-38.906944,-72.215278,PVT,0
SCKD,El Cardal,-40.467778,-72.685000,PVT,0
SCKE,Piedra Negra,-35.854444,-72.645833,PUB,0
SCKI,Los Lirios,-34.906944,-71.202778,PVT,0
SCKL,Lipangui,-33.336700,-70.851097,PVT,0
SCKM,Cochamó,-41.482778,-72.307500,PUB,0
SCKN,Pirihueico,-40.027222,-71.720833,PVT,0
SCKO,Agua Buena,-37.993900,-72.249199,PVT,0
SCKP,Coposa,-20.751667,-68.682222,PVT,0
SCKQ,Curimanque,-39.326944,-72.027222,PVT,0
SCLB,Los Pehuenches,-37.657222,-73.628333,PUB,0
SCLC,Municipal de Vitacura,-33.380722,-70.582250,PUB,0
SCLD,Llanada Grande,-41.871317,-71.937739,PUB,0
SCLE,La Escondida,-24.291111,-69.129722,,0
SCLF,Calcurrupe,-40.244202,-72.236900,PVT,0
SCLI,Torca,-34.783298,-72.050797,PVT,0
SCLJ,La Junta,-43.977500,-72.413101,PUB,0
SCLK,Lago Colico,-39.057499,-72.074203,PVT,0
SCLL,Vallenar,-28.595278,-70.757500,PUB,0
SCLN,Municipal de Linares,-35.860922,-71.547722,PUB,0
SCLO,Leones,-46.765598,-72.818298,PVT,0
SCLQ,Diego Portales,-32.448889,-71.258611,PUB,0
SCLS,Esperanza,-38.548901,-72.145798,PVT,0
SCLT,Topocalma,-34.112268,-71.938056,PVT,0
SCLU,La Laguna,-34.352501,-71.663902,PVT,0
SCLV,La Viña,-32.138100,-71.395833,PVT,0
SCLY,La Playa,-37.216389,-73.233056,PVT,0
SCMA,Puerto Marín Balmaceda,-43.787500,-72.951111,PUB,0
SCMC,Icalma,-38.733194,-71.217722,PVT,0
SCME,Los Cuatro Diablos,-33.677222,-71.110278,PVT,0
SCMF,Malloco,-39.255833,-72.343889,PVT,0
SCMG,Santa María de Mingre,-35.570556,-72.003889,PVT,0
SCMH,La Esperanza,-34.288628,-71.550936,PVT,0
SCMI,AD Predio MIL Santa Maria,-52.524722,-70.059722,MIL,0
SCMK,Melinka,-43.895000,-73.738899,PUB,0
SCML,Melipeuco,-38.856098,-71.812500,PVT,0
SCMN,Mónaco,-34.263611,-71.967500,PVT,0
SCMO,Los Monos,-35.190278,-71.418611,PVT,0
SCMP,Melipilla,-33.676336,-71.192667,PVT,0
SCMR,Las Aguilas Oriente,-34.153333,-71.514722,MIL,0
SCMS,Las Moras,-36.010300,-71.594398,PVT,0
SCMU,Panilonco,-34.285278,-71.949167,PVT,0
SCMZ,Marina de Rapel,-34.155278,-71.455833,PVT,0
SCNE,María Elena,-22.307199,-69.705002,PVT,0
SCNH,Ainhoa,-38.683333,-72.243889,PVT,0
SCNI,Santa Eugenia,-36.434444,-72.156944,PVT,0
SCNK,Los Pelambres,-31.873100,-70.618301,PVT,0
SCNL,Villa Cerro Castillo,-46.130000,-72.146389,PUB,0
SCNM,Las Misiones,-37.775139,-73.383200,PUB,0
SCNO,Ñochaco,-40.892778,-72.880000,PVT,0
SCNP,Nueva Pintacura,-31.707500,-71.247222,,0
SCNT,Teniente  Julio Gallardo,-51.670833,-72.528611,PUB,0
SCNY,Yendegaia,-54.830853,-68.834708,PVT,0
SCOA,Estancia Los Loros,-30.796111,-71.620556,PVT,0
SCOC,Las Araucarias,-40.993056,-72.659722,PVT,0
SCOH,Villa O'Higgins,-48.468333,-72.564167,PUB,0
SCOM,Olmue,-32.997500,-71.172222,PVT,0
SCON,Quellón,-43.135278,-73.634444,PUB,0
SCOO,Melimoyu,-44.097500,-73.096901,PUB,0
SCOP,Pilauco,-40.553056,-73.128333,PVT,0
SCOR,Algorta,-23.118333,-69.877778,,0
SCOS,Entre Ríos,-33.718333,-70.995833,PVT,0
SCOT,Santa Rosa de Tabalí,-30.676111,-71.399722,PVT,0
SCOV,El Tuqui,-30.559444,-71.176111,PUB,0
SCPA,Paranal,-24.639444,-70.348889,PVT,0
SCPB,Puelo Bajo,-41.658611,-72.300278,PUB,0
SCPC,Pucón,-39.291389,-71.920833,PUB,0
SCPD,Peldehue,-33.117389,-70.683842,,0
SCPE,San Pedro de Atacama,-22.918889,-68.162778,PUB,0
SCPF,Marcel Marchant B.,-41.454444,-72.917667,PUB,0
SCPG,Municipal de Panguipulli,-39.655278,-72.358333,PUB,0
SCPH,Puyuhuapi,-44.383333,-72.593611,PUB,0
SCPI,Pullami,-36.586700,-71.807800,PVT,0
SCPK,Puerto Cisnes,-44.758611,-72.698056,PUB,0
SCPL,Calpulli,-40.128889,-72.661667,PVT,0
SCPM,Pichilemu,-34.395833,-72.019722,PUB,0
SCPN,Pillán,-42.546831,-72.494836,PVT,0
SCPO,Los Paltos,-34.328056,-70.964167,PVT,0
SCPQ,Mocopulli,-42.340278,-73.715833,PUB,0
SCPR,Corte Alto,-40.941667,-73.168889,PUB,0
SCPT,La Puerta,-34.613056,-71.375833,PVT,0
SCPU,Peulla,-41.056944,-72.013333,PUB,0
SCPV,El Mirador,-41.349444,-72.946667,PUB,0
SCPW,Peumo,-34.408889,-71.168889,PVT,0
SCPY,Cerro Castillo,-51.262199,-72.337502,PVT,0
SCPZ,Patriot Hills,-80.318333,-81.308056,MIL,0
SCQC,La Colmena,-38.333889,-72.586944,PVT,0
SCQE,Quenac,-42.467201,-73.335800,PUB,0
SCQK,Lequecahue,-38.362500,-73.490000,PUB,0
SCQL,El Boco,-32.851111,-71.246389,PUB,0
SCQO,Quitralco,-45.580556,-73.225556,PVT,0
SCQP,La Araucania,-38.925833,-72.651389,PUB,0
SCQR,Los Morros,-36.134399,-72.804398,PUB,0
SCQT,Las Tacas,-30.096944,-71.362500,PVT,0
SCQU,Inio,-43.351667,-74.115833,PVT,0
SCQW,Quemchi,-42.152778,-73.516944,PUB,0
SCQX,Queilén,-42.893889,-73.473889,PUB,0
SCQY,Villa Portales,-38.448611,-71.357500,PUB,0
SCRA,Chañaral,-26.332500,-70.607222,PUB,0
SCRB,Río Bravo,-47.990278,-73.142500,PUB,0
SCRC,Villa Tapera,-44.640278,-71.664722,PUB,0
SCRD,Rodelillo,-33.068333,-71.557500,PUB,0
SCRE,Estancia Rio Cisnes,-44.500000,-71.321667,PUB,0
SCRF,Laguna San Rafael,-46.639444,-73.861667,PUB,0
SCRG,La Independencia,-34.174886,-70.775694,PUB,0
SCRH,Reñihue,-42.585556,-72.494444,PVT,0
SCRI,Río Frio,-41.739722,-71.911667,PUB,0
SCRL,La Estrella,-34.201111,-71.481667,PVT,0
SCRM,Teniente Rodolfo Marsh Martin/Antártica,-62.190800,-58.986698,PUB,0
SCRN,Rio Negro,-41.962222,-72.453889,PUB,0
SCRO,Santa Bárbara,-34.958889,-71.032778,PVT,0
SCRP,Rapelhuapi,-34.106111,-71.512500,PVT,0
SCRR,Purrahuín,-40.365278,-72.776667,PVT,0
SCRS,El Rosario,-33.488899,-71.405602,PVT,0
SCRU,Rio Murta,-46.456667,-72.676944,PUB,0
SCRW,Rucalonco,-34.548611,-72.045278,PVT,0
SCRY,El Arrayán,-41.402778,-72.943333,PVT,0
SCSA,Rungue Dr. C. Barría B.,-33.028417,-70.880000,PVT,0
SCSB,Franco Bianco,-52.736617,-69.333722,PUB,0
SCSD,San Fernando,-34.565833,-70.968333,PVT,0
SCSE,La Florida,-29.916401,-71.199402,PUB,0
SCSF,Víctor Lafón,-32.745278,-70.705000,PUB,0
SCSJ,San Javier,-35.626556,-71.699944,PVT,0
SCSK,Colorado,-35.663056,-71.303611,PVT,0
SCSL,El Salar,-23.645000,-68.303056,PVT,0
SCSM,Minsal,-23.584444,-68.382778,PVT,0
SCSN,Santo Domingo,-33.656667,-71.615833,PUB,0
SCSO,Costa del Sol,-34.120800,-71.527199,PVT,0
SCSP,El Sobrante,-32.223611,-70.800000,PVT,0
SCSR,Segundo Corral Alto,-42.083333,-71.863889,PUB,0
SCSS,San Sebastián,-53.315833,-68.657778,PUB,0
SCST,Gamboa,-42.490278,-73.774444,PUB,0
SCSU,Santa Lucía,-38.919201,-72.366699,PVT,0
SCSV,Viña Sutil,-34.448889,-71.385833,PVT,0
SCSZ,Puerto Sánchez,-46.591944,-72.586667,PUB,0
SCTA,Las Pircas,-33.770833,-70.855000,PVT,0
SCTB,Eulogio Sánchez,-33.456944,-70.547222,PUB,0
SCTC,Maquehue,-38.766944,-72.637222,PVT,0
SCTE,El Tepual,-41.438900,-73.093903,PUB,0
SCTH,Tres Chorrillos,-52.525278,-70.723889,PVT,0
SCTL,Panguilemo,-35.377778,-71.601389,PUB,0
SCTN,Nuevo Chaitén,-42.781944,-72.835000,PUB,0
SCTO,Victoria,-38.245556,-72.348611,PUB,0
SCTP,Río Pascua,-48.228889,-73.299444,PUB,0
SCTQ,Tres Quebradas,-29.252778,-70.088889,PVT,0
SCTR,Traiguén,-38.271389,-72.662500,PUB,0
SCTS,Santa Teresa del Almendral,-33.575556,-71.260833,PVT,0
SCTT,Las Breas,-25.563889,-70.376667,PUB,0
SCTU,Litueche,-34.114399,-71.720001,PVT,0
SCTW,El Tapihue,-33.320278,-71.331944,PVT,0
SCUA,Guanaco,-25.096667,-69.510000,PVT,0
SCUE,La Peña,-35.266389,-71.763056,PVT,0
SCUH,Fundo Cuincahuin,-40.413333,-72.759722,PVT,0
SCUI,Pumalín,-42.701389,-72.833611,PUB,0
SCUL,El Litral,-36.796014,-72.417361,PVT,0
SCUM,La Obra,-35.300598,-71.330299,PVT,0
SCUN,Bellavista de Punitaqui/ PUNITAQUI,-31.008611,-71.351667,,0
SCUU,El Peral,-31.653333,-71.243333,PVT,0
SCUZ,Aerosantacruz,-34.649167,-71.386111,PVT,0
SCVB,Villa Baviera,-36.397500,-71.565556,PVT,0
SCVC,El indio,-29.834444,-70.046111,PVT,0
SCVD,Pichoy,-39.649444,-73.086389,PUB,0
SCVE,Lago Verde,-44.229444,-71.851944,PUB,0
SCVG,El Vergel,-39.829444,-72.488333,PVT,0
SCVH,La Victoria de Chacabuco,-33.050833,-70.708889,PUB,0
SCVI,Villarrica,-39.317222,-72.228333,PVT,0
SCVK,El Alamo,-34.846028,-72.019917,PVT,0
SCVL,Las Marías,-39.795833,-73.241389,PUB,0
SCVM,Viña del Mar,-32.949722,-71.478611,PUB,0
SCVN,Huancara,-30.032500,-70.741667,PVT,0
SCVO,María Ester,-38.230000,-72.480278,PVT,0
SCVQ,Cuatro Pantanos,-34.837222,-72.065000,PVT,0
SCVV,Los Maitenes de Villa Vieja,-40.317222,-72.979444,PUB,0
SCVZ,Viña Sta. Cruz,-34.698900,-71.563400,PVT,0
SCXA,Alupenhue,-35.238722,-71.070917,PVT,0
SCXB,Las Brujas,-31.786111,-71.013333,PUB,0
SCYB,Trilahue,-37.133334,-72.413889,PVT,0
SCYL,Licán,-40.636742,-72.413300,PVT,0
SCYO,Poyo,-42.226667,-72.693611,PUB,0
SCYR,Los Maitenes,-36.031667,-71.741111,PVT,0
SCZB,Pozo Brujo,-40.205278,-72.568056,PVT,0
SCZC,Casas Viejas,-32.595299,-71.347198,PVT,1
SCZE,Estero Seco,-33.745000,-70.549444,PVT,0
SCZR,Los Zorrillos de Tonlemu,-35.095833,-71.732778,PVT,0
SHAB,Aguas Blancas,-32.665556,-71.440278,,0
SHAD,Matanzas,-33.967860,-71.853800,,0
SHAF,Santa Carolina,-34.826111,-72.066389,,0
SHAG,Ánguila 1,-52.499444,-68.725556,,0
SHAL,Los Paltos,-33.725556,-70.930278,,0
SHAO,Hospital de Ovalle,-30.578531,-71.191742,,0
SHAP,Asistencia Pública Dr. Alejandro del Río,-33.444361,-70.638083,,0
SHAS,HLP Aerosentrans,-33.440000,-70.831667,,0
SHAT,Heliplataforma Atmosphere,,,,0
SHAU,HLP Santa Rosa,-34.255222,-71.030556,,0
SHAV,Alta Vista,-32.621667,-71.399444,,0
SHBB,Heliplataforma Betanzos,,,,0
SHBE,Edificio Exterior,-33.439944,-70.646614,,0
SHBH,Eagle Copters,-33.271389,-70.650000,,0
SHBI,HLP Hospital Biprovincial Quillota-Petorca,-32.901778,-71.252917,,0
SHBL,Hospital Ramón Barros Luco,-33.485278,-70.644444,,0
SHBO,Base Olimpo,-33.359444,-70.266944,,0
SHBS,Banco Santander,-33.441667,-70.652222,,0
SHCA,Prefectura Aeropolicial de Carabineros de Chile,-33.455278,-70.548333,,0
SHCC,Clínica Las Condes,-33.385100,-70.529956,,0
SHCD,Clínica Alemana Santiago,-33.391944,-70.572778,,0
SHCF,Hospital Carlos Cisternas,-22.444472,-68.916694,,0
SHCG,Cachagua,-32.579439,-71.454893,,0
SHCH,Agroforestal,-33.221028,-70.759611,,0
SHCI,San Cristobal,-32.579167,-71.455000,,0
SHCL,CLC Peñalolen,-33.489692,-70.545047,,0
SHCM,Corporativo Mutual,-33.440278,-70.637778,,0
SHCV,HLP Hospital Claudio Vicuña,-33.588611,-71.609631,,0
SHCY,Hospital de Coyhaique,-45.568889,-72.075556,,0
SHDG,Batería Dungenes Nº1,-52.380833,-68.431389,,0
SHDH,DAP Helicópteros S.A.,-53.168333,-70.911111,,0
SHDN,Daniel 1,-52.364722,-68.765000,,0
SHDO,Valle Nevado,-33.358333,-70.249444,,0
SHDP,Del Pacífico,-38.765833,-72.805000,,0
SHEB,HLP Edificio Ejército Bicentenario,-33.457758,-70.657433,,0
SHEC,Edificio ITAU,-33.416389,-70.593611,,0
SHEE,Esmeralda,-35.720000,-71.509722,,0
SHEH,HLP Edificio Huidobro,-33.403917,-70.572583,,0
SHEI,Escuela de Investigaciones Policiales,-33.459444,-70.716667,,0
SHEJ,Cuartel General de la I División de Ejército,-23.682500,-70.413889,,0
SHEM,El Mercurio,-33.380833,-70.596111,,0
SHEO,RAC,-33.270639,-70.650556,PUB,0
SHET,San Esteban,-35.702222,-71.572222,,0
SHEV,HLP Clínica Las Condes - Edificio Verde A.,-33.385255,-70.531024,,0
SHFA,Los Cerrillos,-33.496389,-70.695278,,0
SHFB,Hospital Felix Bulnes,-33.424444,-70.741389,,0
SHFE,Hospital San Camilo,-32.748333,-70.710000,,1
SHFY,Aerofly,-35.444444,-71.601858,,0
SHGA,General Humberto Arriagada Valdivieso,-33.450556,-70.609444,,0
SHGE,Gertrudis Echeñique,-33.417333,-70.591722,,0
SHGF,Hospital Gustavo Fricke,-33.029167,-71.542972,,0
SHGO,Los Lirios,-34.232222,-70.791667,,0
SHGR,Edificio Corpgroup,-33.404444,-70.573611,,0
SHGU,El Guanaco,-36.213528,-72.623000,,0
SHHA,Hospital de Antofagasta,-23.616833,-70.386111,,0
SHHC,Hospital Clinico Regional de Concepción,-36.824681,-73.037283,,0
SHHE,Helicopters,-34.210722,-70.715944,,0
SHHF,Hospital FACH,-33.397222,-70.545833,,0
SHHI,Hospital DIPRECA,-33.417806,-70.528861,,0
SHHM,Hospital San José de Melipilla,-33.679944,-71.186956,,0
SHHN,Hospital Naval Almirante Nef,-32.996667,-71.535833,,0
SHHO,HLP Holvoet,-27.397222,-70.261944,,0
SHHP,Hospital Clínico Punta Arenas,-53.118056,-70.899722,,0
SHHR,Carabineros de Chile,-53.156389,-70.922222,,0
SHHS,Hospital del Salvador,-33.436111,-70.621111,,1
SHHT,Hospital Regional de Talca,-35.426667,-71.646111,,0
SHHV,Naval,-18.472222,-70.320556,,0
SHIC,Hospital Provincial de Curicó,-34.979722,-71.213611,,0
SHIM,Clínica Indisa Maipú,-33.478056,-70.754111,,0
SHIN,Clinica Indisa,-33.420833,-70.617778,,0
SHIQ,Cuartel general VI División de Ejército,-20.230000,-70.145000,,0
SHIS,Isidora 3000,-33.413889,-70.598056,,0
SHJN,Hospital Juan Noe C.,-18.482778,-70.313056,,0
SHJO,Hospital San José,-33.416083,-70.653139,,0
SHKI,Kipreos,-33.376944,-70.744444,,0
SHLA,Las Américas,-33.435833,-70.643333,,0
SHLB,Base Central,-33.351667,-70.293333,,0
SHLG,La Gonzalina,-34.140361,-70.771083,,0
SHLI,CLC-CHICUREO,-33.282722,-70.650778,,0
SHLJ,Los Junquillos,-34.956139,-71.960056,,0
SHLL,Hospital  Puerto Montt,-41.445861,-72.956083,,0
SHLN,Hospital de Los Angeles Dr. Víctor Ríos Ruíz,-37.473611,-72.346389,,0
SHLP,Helipuerto Los Portones - Lo Barnechea,-33.359556,-70.525944,,0
SHLU,HLP Terra Luna,-46.840167,-72.691119,,0
SHMA,Clínica Santa María,-33.431944,-70.628889,,0
SHMD,Ministerio de Defensa Nacional,-33.435278,-70.638056,,0
SHME,La Cabaña,-33.974722,-71.388611,,0
SHMI,Hospital Militar,-33.451389,-70.536944,,0
SHMM,Hospital Provincial Marga Marga,-33.067250,-71.374444,,0
SHMS,Hospital Clínico Mutual de seguridad,-33.457222,-70.700000,,0
SHNA,Centro Médico Clínica Alemana de Chicureo,-33.286389,-70.650611,,0
SHNB,Hospital Regional de Ñuble,-36.619861,-72.118222,,0
SHNC,Catalina Norte 1,-52.563611,-68.675556,,0
SHNL,Nueva de Lyon,-33.421389,-70.610556,,0
SHNO,Catalina Norte 2,-52.575278,-69.663611,,0
SHNT,Hospital Puerto Natales,-51.727647,-72.479111,,0
SHOH,Escuela Militar,-33.408889,-70.580833,,0
SHOL,Santa Laura,-32.990389,-71.217944,,0
SHOR,Edificio Isidora El Bosque,-33.414470,-70.601420,,0
SHOV,Lo Ovalle,-33.250833,-71.368333,,0
SHPA,Paranal,-24.641667,-70.382500,,0
SHPC,Edificio Corporativo CMPC,-37.392694,-72.360667,,0
SHPD,Titanium,-33.413056,-70.603611,,0
SHPE,Pelluco,-41.485556,-72.902778,,0
SHPG,PUBLI-G,-29.925833,-71.268056,,0
SHPH,Santa Teresa,-33.554972,-70.815417,,0
SHPM,Lago La Paloma,-45.922778,-72.146111,,0
SHPT,Portillo,-32.837289,-70.131506,,0
SHPU,Punta Catalina,-52.545833,-68.758333,,0
SHRA,Gildemeister,-33.379444,-70.530278,,0
SHRE,José Miguel Carrera,-33.441389,-70.655000,,0
SHRO,La Rosa Peumo,-34.370722,-71.177028,,0
SHRP,Rapel,-34.212778,-71.453056,,0
SHRZ,Edificio Reitz Dos,-33.042914,-71.516881,,0
SHSA,Santa María de Liray,-33.246139,-70.722361,PVT,0
SHSB,Cerro Sombrero,-52.766667,-69.289444,,0
SHSC,Hospital San Carlos de Ancud,-41.886472,-73.809642,,0
SHSD,Sonda,-33.437500,-70.655833,,0
SHSE,Posesión,-52.249444,-68.936667,,0
SHSG,San Gregorio,-52.621488,-70.204483,,0
SHSH,Santiago SPA,-33.382056,-70.625556,,0
SHSI,Posesión 5,-52.268333,-69.073333,,0
SHSJ,Hospital San Jose,-40.589056,-73.127556,,0
SHSK,Skua 1,-52.409167,-68.785278,,0
SHSN,Hospital San José del Carmen,-27.373600,-70.322056,,0
SHSO,Hospital Santiago Oriente,-33.502222,-70.578889,,0
SHSP,HLP Moneda Bicentenario,-33.442778,-70.655000,,0
SHSR,Edificio Torre San Ramón,-33.416667,-70.603889,,0
SHSS,Hospital Regional de Temuco,-38.735833,-72.598333,,0
SHSU,Skua 4,-52.375833,-68.788611,,0
SHTA,Hospital Provincial de Talagante,-33.666950,-70.919500,,0
SHTC,Edificio Corporativo CTC,-33.436944,-70.632500,,0
SHTE,HLP Santa Graciela,-34.851056,-71.324000,,0
SHTL,Torre Ligure,-36.824444,-73.050000,,0
SHTO,Hospital Alto Hospicio,-20.296028,-70.097639,,0
SHTS,Alto Trapenses,-33.322222,-70.590833,,0
SHUC,HLP Clínica San Carlos de Apoquindo,-33.400611,-70.507869,,0
SHVE,Valle Escondido,-33.346778,-70.487900,,0
SHVI,Villarrica Park Lake,-39.301944,-72.088889,,0
SHWE,WELLFORD,-33.655528,-70.720222,,0
SHXE,ETXEA,-33.348639,-70.493056,,0
SHYA,Sumaya,-33.676667,-70.547222,,0
